17562737	Zonozi	Amir Zonozi 
142896252	jendlouhyhc	Jennifer A. Dlouhy
1044241	brooklynmarie	Brooke Binkowski
34738598	mirandalambert	Miranda Lambert
23065354	MacMiller	Mac
824797212425191425	ALT_uscis	ALT Immigration
41509142	Rachel__Nichols	Rachel Nichols
265197860	Vallmeister	Aaron Vallely
64814833	mlk39	Molly Kovel
250887629	SJSchauer	"Sarah Schauer"
63677189	Miguel	Miguel
18159470	macklemore	Macklemore
45709328	halsey	h
455128920	JoseAPasillasII	Jose Pasillas II
1611635503	MaggieLindemann	Maggie Lindemann
3242716705	VanessaMarano	Vanessa Marano
467048692	lauramarano	Laura Marano
2519592864	MILCKMUSIC	MILCK
16234029	Tinashe	TINASHE
19196415	younghollywood	Young Hollywood
59327840	samadizayee	Sama Dizayee
58408094	hi_mija	meej
75916180	Imaginedragons	Imagine Dragons
1120402249	Daya	daya
52277458	Fuzzybutz	fuzzybutz
6742522	hypatiadotca	Leigh Honeywell
152851563	LiamMcEwan	Liam McEwan
155933719	lisayrab	Lisa Rab
106463784	VilliSpeaks	Villi Iltchev
44559386	mena13suvari	Mena
214201773	PollyAMcIntosh	Pollyanna McIntosh
42455153	jamiechung1	Jamie Chung
42052422	NiaVardalos	Nia Vardalos
32981735	JennaUshkowitz	Jenna  Ushkowitz
338604482	TwitterOpen	TwitterOpen
15693493	funnyordie	Funny Or Die
322063956	TransMadGenius	October Evans
870236454	haertsmusic	HAERTS
310109265	KenMarino	Ken Marino
1857099596	MainaKiai_UNSR	Maina Kiai
272776660	_RUNDNC	Max Crema
17355459	Travis_Waldron	Travis Waldron
103905161	andykopsa	Andy Kopsa
1506060504	Ryan_Eggold	Ryan Eggold
433610219	bridgetmoynahan	Bridget Moynahan
62290422	RedHourBen	Ben Stiller
128626186	cambio	cambio
550658726	CleveJones1	Cleve Jones
462201830	mhayoun	Massoud Hayoun
248900032	MagicJohnson	Earvin Magic Johnson
37997708	sarahcolonna	Sarah Colonna
56281801	eetempleton	Erin Templeton
96675300	mayawiley	Maya Wiley
14192329	kvox	Karen Wickre 
25855294	sne_k	Sneha Koorse
39689218	mishacollins	Misha Collins
6927562	thomasfuchs	Thomas Fuchs
45116820	iamrana	Rana Safvi  
600679694	geekylonglegs	sarah hagi
302204453	namirari	Namira Islam
2917883299	AusmaZehanat	Ausma Zehanat Khan
254873869	LibyaLiberty	Hend Amry
835172863502082048	knightcolumbia	Knight 1st Amendment
449546974	TommySiegel	Tommy Siegel
703808448	AlecBaldwin	AlecBaldwin
563903972	upandoutcomic	Julia Kaye
5062341	violetblue	Violet Blue 
40980454	JasonBolicki	Jason Bolicki
36191823	digitalfatemeh	Fatemeh Fakhraie
488648844	TonyKanal	Tony Kanal
422	shellen	Jason Shellen
452545583	DarcyCarden	D'Arcy Carden
30274144	hollyrpeete	Holly Robinson Peete
16789962	ivylise	 
810590628727914496	IndivisibleTeam	Indivisible Guide
2796910988	Paul_Bettany	Paul Bettany
17948947	justinshanes	Justin Shanes
15812228	TracyNovick	Tracy Novick
92408253	kimshum	Kim Shumway
2987563765	magicmikecastle	mike castle
23632355	Jonathan_Tyler	Jonathan Tyler
158644390	benchten	benmont tench III
1475827646	m_millsey	Mike Mills
14489367	HIGHzurrer	Eric Heisserer
147544652	PeterSom	Peter Som
16435797	Ehmee	Emily Graslie
35777926	MattHullum	Matt Hullum
154179400	ColinDaileda	Colin Daileda
1209642294	misstessowen	Tess Owen
78434528	edensher	Eden Sher
10545	flyosity	Mike Rundle
801080366	stealthygeek	Patrick S. Tomlinson
43054046	RobinMazumder	Robin Mazumder
2311193425	DisVisibility	Alice Wong
17516149	JohnLithgow	John Lithgow
949041	petezin	Rosa Jimnez Cano
28612255	aaron_epstein	Aaron Epstein
17815526	localbyproxy	ryan walsh
12439842	efeng	Eric Feng
14417215	rrhoover	Ryan Hoover
14363893	Mazzeo	Matt Mazzeo
1422311	peterrojas	Peter Rojas
18101713	paulfeig	Paul Feig
2296407206	RCUSA_DC	Refugee Council USA
13198	markpinc	mark pincus
63234140	RossSheingold	Ross Sheingold
29525723	IncubusBand	Incubus
387722686	Evan_Dando	Evan Dando
176937675	thesheiladivine	The Sheila Divine
1454315358	TanyaDonelly	Tanya Donelly
1388096712	the_gravel_pit	The Gravel Pit
11614642	billjanovitz	bill janovitz
19816047	nadasurf	matthew caws
180461175	jacquesgreene	locke screene
22891211	chanian	Ian Chan
821661516739084297	MohamedouOuld	Mohamedou O Salahi
19918005	_MealsOnWheels	Meals on Wheels
85501175	dahvnyc	David J Meyer
123945193	JasonBiggs	Jason Biggs
40390472	alsilbs	Alexandra Silber
2864380966	Ssullivan101	Stacy Elise Sullivan
33692766	simplyingrid	ingrid hoffmann
20472454	sandhyawp	Sandhya Somashekhar
16548412	likaluca	Lisa Lucas
828779637014745089	StandForRights_	Stand for Rights
26878188	TJMShow	Tom Joyner
47557918	GinggerShankar	Gingger Shankar
75974281	SamuelLJackson	Samuel L. Jackson
21786618	billmckibben	Bill McKibben
200711723	kartpath	Karthik Ganapathy
15812521	mgarunay	Melanie Garunay
582563196	erikaishii	Erika Ishii
284274787	AndrewRannells	Andrew Rannells
408467423	VidyaKrishnan	Vidya
247560825	Mariska	Mariska Hargitay
22495024	dhlovelife	Daryl Hannah
834950981297324034	peoplepower	People Power
820378690920058880	AmbassadorRice	Susan Rice
264382869	Fausto_Sterling	Anne Fausto-Sterling
19085493	AbcarianLAT	Robin Abcarian
68844197	CarlosLoret	Carlos Loret de Mola
16312001	DrugPolicyOrg	Drug Policy Alliance
43669003	fqadi	Fadi Al-Qadi
375837200	NyleDiMarco	Nyle DiMarco
24552563	barrylyga	Barry Lyga
17560096	S_C_	Mr. Carter
703705598303477760	BarbaraHershey8	Barbara Hershey
162501671	HollandTaylor	Holland Taylor
21330413	Andrew_Garda	Andrew Garda  
238843647	SLeasca	Stacey Leasca
19330043	llcoolj	LLCOOLJ.
807026608880152576	imeimeumana	ImeIme Umana
102263558	nate_bowling	nate bowling
33422673	clarembee	Clare Bowen
257796122	sfosternyc	Sutton Foster
383493565	MarkDuplass	Mark Duplass
308779730	jiatolentino	Jia Tolentino
67827694	buhbuhbilly	Billy Joe Kiessling
3958731755	vellalovell	Vella Lovell
32144720	ShiriAppleby	Shiri Appleby
148839435	UTAFoundation	UTA Foundation
120679946	ezraedelman	Ezra Edelman
30629087	lakebell	Lake Bell
21729897	jadabird	Jada Yuan
28412286	karliekloss	Karlie Kloss
619278612	BandryBarry	Barry Jenkins
1099448738	karla_welch	Karla Welch Stylist
93654953	ikebarinholtz	Ike Barinholtz
721090011869917186	MsJoelyFisher	Joely Fisher
336445332	SamHeughan	Sam Heughan
22811937	TheRealDratch	Rachel Dratch
419703694	alessasoler	Alessandra Soler
570403360	dimejibabalola	Dimeji Babalola
1722644383	pdxlawgrrrl	pdx law grrrl
12691062	shanisilver	shani silver
2797166390	Translifeline	Trans Lifeline
46954727	FATJEW	The Fat Jew
25700535	JessWeiner	Jess Weiner
42192966	mrskimyadawson	Kimya Dawson
17789578	NationalNOW	National NOW
18794785	VeraPapisova	Vera Papisova
331854460	LittleMissFlint	Little Miss Flint
291	goldman	Jason Goldman
24431892	markos	Markos Moulitsas
14119916	HughAcheson	hugh acheson
81128674	karlamosley	Karla Mosley
438128416	MelanieGriffith	Melanie Griffith
2332431056	sterlingkb1	Sterling K Brown
25291859	Indigo_Girls	Indigo Girls
38536306	bobsaget	bob saget
209699254	RileyJayDennis	Riley J. Dennis
17050431	julito77	Julio Ricardo Varela
770309353	JasonWiner	Jason Winer
101431573	ChrissyMetz	Chrissy Metz
146618868	benleemusic	Ben Lee
222185665	Chris_Meloni	Chris Meloni
1532061	kevin2kelly	Kevin Kelly
25940364	designsponge	Grace Bonney
14940354	nycjim	Jim Roberts
27131277	BebeRexha	Bebe Rexha
