1656993660	Qflex_4Life	Qimmah Russo
2734789755	asapasiaa	moana
1261249778	RappersSaid	Rappers Said
1556393042	skatemaloley	Sk8
36578186	prettyboip101	IG= pierrelawrence__
407528538	_joshisking	Skip Baeless
1661209398	BiancaLawson	Bianca Lawson
1698040651	PositiveMinds__	Positive Minds
350884062	officialgiggs	GIGGS
2941630432	rulesofmariz	ana,,
2826695373	mycellphwne	sami 
550412782	wilknxson	thai | it's H017
286742737	WakeupPeopIe	Think Smarter
774180818	BuzzFeedLGBT	BuzzFeed LGBT
20374624	LGBTfdn	LGBT Foundation
35837162	Jayecane	Jayecane
1544276485	TheCherryHilson	Cherry Hilson
4603315575	MrsCaniff13	J O U R N E E O X
137305051	AnthonyPresents	Anthony Presents
2834212357	emilysears	Emily Sears
124881577	JaydePierce	Jayde Pierce
2483062442	cheriemadelein	Madeleine Rose
800805321484615680	vogueanalicia	nabel
34865273	36NEEX	OMWTFYB
20427275	MODSUN	Mod Sun
827089896271708162	LitiqueOnline	Litique
304471580	julie_marcus	Priestess Moonfire
127151020	MissNikkiiBaby	Nikki Baby
2543480631	VERIFIEDSKATE	kiara 
262358704	indiapinkk	
1898815243	FAMlLYGUYSCENES	Best Of Family Guy
27475350	ZoeAlicia	Caramella
893134568	montemaloley	Monte Maloley
434423224	L1LDebbie	Lil Debbie
130462368	HouseOfCB	House of CB
154713794	AaliyahJay	PRINCE$$
18143410	JulesJordan	Jules Jordan
308820507	Stew_Maloley	Stew Maloley
2745077051	Kami_Maloley	Kami
407384174	Kaitlynlaken	Kaitlyn Laken
347334062	OnlyTheDimes	Dimes Only
808675067500568576	Itstravjames	Travis James
55893099	Jeff_daonlypiro	Lebonon Don
203110242	PlayboyRadio	Playboy Radio
4447425855	RNGsnubbz	snubbz
56854084	drayamichele	Draya Michele
3180788718	Renegades	Renegades
3005387670	ExoticDes	Destiny Skye
3079016548	Moonblvke	Moon_Blake
104060531	TopFLoorDJDray	DJ DRAY | Dr. DRAY
256881576	itsgabrielleu	Gabrielle Union
322872155	MichaelAwomolo	MikeJetz
261502444	twinkle_star_11	Marlene Thomas
37772843	Halftime2G	Halfime
70151087	iAmRickyVasquez	IG: @iRickyVasquez.
382296252	Maliachigh	Maliachi Broadwater
24393384	40oz_VAN	40
96183755	BadAssDevil	Blvckbarbiie 
242508595	Michelllle____	
2409576025	Luna__Stylez	Luna Stylez
172781049	pick_six22	Asante Samuel
45057565	theashleyzee	Ashley Zee
18794516	JOSHXANTUS	JOSH X
3050905490	LifewithBeezy	Beezy
2806636920	aterriquez760	Adrian Terriquez
3060783909	TheeOnlyB__	
135281645	SaraUnderwood	Sara Jean Underwood
9763482	NYDailyNews	New York Daily News
397079862	HiGHparis_	parisss hollyhood
434369271	H__Platinum	H-Plat
58078571	dominiclittle	Mr.Paparazzi
376553218	TrvpLord500	Your Real Dad 
314075998	__ninanine	NinaMarie.
47363766	BlackChe	Christopher Blue
2937035960	BeanieMinajj	Beanie 
23375688	selenagomez	Selena Gomez
223047786	joanneprada	Joanne The Scammer
30602016	iJesseWilliams	jesse Williams.
430897004	LoyalSwine	Michael  Kimball
449178973	ERecairns	ralph e cairns
236714015	itscusimboujiee	
18931678	TheophilusL	Theophilus London
1469	bump	Robert Occhialini
3418642701	BLACCHYNAK	Blac Chyna
31514374	burbunny	christina alejandre
3437574293	ludy_amado	Ludy
10161712	ChefResha	Resha 
21814290	StephsDope	Stephanie Santiago
3381045514	nikkyfbabyy	nikkybabyy
98706686	ZoeyDollaz	zoey dollaz
512298468	siqueirosdavid	n00blet@MetaThreads
447667287	LILCOREY_TRILL	COREY BORNER
3722694374	Bdd19909327	B d d
2707647803	burnexhale	Drikka
2261110362	Mercedes_1023	Mercedes
273755888	MikeLeROY_	iK L 
3490154292	umajoliexxx	Uma Jolie
29442313	SenSanders	Bernie Sanders
359168698	aliyahkorea	unstable creature
383830912	ComedyWorIdStar	World Star Fans
3975803721	RoastMeDaily	Roast Me
27322115	PhillztheMC	PMC #TIMELESS
2167071709	VRodProductions	Veronica Rodriguez
1870980115	m0E_tv	mOE
99786595	successwsagiven	RJ M.O.O.D.
81063712	GWijnaldum	Georginio Wijnaldum
891950078	crunkboy713	John Ross
278745353	CharlesNzo	Charles N'Zogbia
858586387	TaylaGang__	TaylaJohnson
471361406	Itskaito_	KAITO
3017631096	LiVideoApp	LiVideo
2278455931	TeannaTrump	eanna rump
309366491	Twitch	Twitch
1918225908	candyglitzshock	Desma Dooney
3294788005	CSGODouble	CSGODouble
2989657694	Fox_Ginko	Jake
22601929	RickFox	Rick Fox
36803580	steam_games	Steam
4018293316	benattia__nab	Nabilla.B
1333558471	GirlsInTheGym	GirlsInTheGym
233676134	ILuvGiGiPiscina	I love Panthers!
2928949290	alexiis_skyy	alexis skyy
135632561	MuscIeandFit	Muscle and Fitness
22536055	AmericanAir	American Airlines
2225358511	rappersheaven	RappersHeaven
3308997086	GayWeHoDogs4U	GayWeHo Dogs4U
538506740	LilveronicaR	Veronica Rodriguez
351426912	Trizzy_xo	50ShadesOfTrey
155698513	robjohn1223	12/23
236699098	KylieJenner	Kylie Jenner
435272486	ShesDanger	Jackie 
117652275	Lyrical_Lord	LYRICAL_LORD
1656574994	CurPartyGuide	Curaao Party Guide
273202525	OfficialDevito	Devito 808z
391184137	CstyleTheBoss	Eric Cozier
1444911774	Defendparis	Defend Paris
403087797	Niska_Officiel	Niska
140643513	marceljproducer	HighlyFavored
34868950	torylanez	Tory Lanez #SWAVEY
2788904320	TheBestRoasts	ROAST
22293913	RachelStarrxxx	Rachel Starr
1881484166	Ohrangutang	Ohrangutang
51742969	1future	FUTURE/FREEBANDZ
2559198357	JCoIeSC	J. Cole
3295435021	DiMatte76790631	Di Matteo
174836563	charmkillings	Charming Killings
326375841	wonderlandmiami	Wonderland Miami
412610943	aim429x	Aim
70703590	PLATINUM_GROUP	Platinum Group
1442458556	MilIionaireLife	Millionaire Life
278846478	_LandonMoss	Landon Moss
230953724	InkMonstarr	InkMonstarr
2301573020	ThirtySecFights	Thirty Sec Fights
88287364	PiaMia	Pia Mia
20949503	psiIoveyou	Girl Quotes 
2584658958	CuteKidVines	Cute Kid Vines
2440122246	ANIMALPlCTURES	Adorable Animals
16633154	DLSquared	Daniel Lau-Lopez
257566445	BrandonAlmengo	Artist 
2565286869	P_Da_Aquarian	PIE TH AQUAIA
264810275	DreamGirlsOnly	Dream Girls ONLY
3041438517	Mariyyee	K_mariyye
2314414808	HeyyGianna	Gianna
2296346482	StephsAmusic	Stephanie Acevedo
21620229	BigChrisQcPs	King Big Chris
99035815	junebugxo	Junebug Hendrix
39024033	CassiieMeLinda	Cassandra
2901827025	gamertagfag	Travis
128579400	imKaylaPhillips	Kayla Phillips
97319539	OpTicFlamesword	Michael Chaves
18327944	CaseyVeggies	Casey Veggies
222129280	TheMissAP	Agent Provocateur
182398970	Young_Spray	YOUNG SPRAY (MR RTM)
353094212	Jasmin_Jaye	Jasmin Jaye
555708399	MichaelEaly	Michael Ealy
19941968	VMSUAREZ	Vanessa Suarez
2340811879	ALewisMusic	Anthony Lewis
2770669415	beautyamazonmua	Marsha
119509520	chrisbrown	Chris Brown
16638685	lilduval	lil duval
96829836	Nas	Nasir Jones
1881267319	Tae_franchise3	Diante Watkins
27989078	robkardashian	ROBERT KARDASHIAN
22899340	TAJ_TPK	TAJ
475327588	Neil2208	NEIL
1425300764	ExcellentDental	Dental Excellence
19028953	JColeNC	J. Cole
28035260	PUSHA_T	King Push
114674875	LuisCubaArias	Luis Arias
250456877	Kell_Rischelle	La Jefa
288215711	JustAGirIThing	Bitch Code 
416983726	FIirtationship	Common Girl
1141461181	Ring_Porn	Ring Porn
1960283150	WeddingCatcher	My Future Wedding
2295515156	_Wedding_Porn	Wedding Porn
21674554	verragio	Engagement Rings
233430873	Notebook	The Notebook
440964238	KathyPrez_	Kathy Perez
239096197	DarrenNettles	Darren Nettles
537325169	PinkBoutiqueUK	Pink Boutique
