431609013	Mortis_Banned	Russia is fake news
515868922	hereandnowrobin	Robin Young
42375639	nickolaykononov	
21918310	npratc	AllThingsConsidered
706908886356271104	astrawism1	Andy Straw
407347022	Queen_Europe	Angela Merkel
120176979	Inga_Kudracheva	 
23419197	aashlock	Alex Ashlock
498759798	VladlenLos	Vladlen Los
22245277	vpkivimaki	Veli-Pekka Kivimki
1612273285	Litvinenko_aa1	 
227504543	Roman_Yhnovec	 
186667011	benjaminwittes	Benjamin Wittes
553713584	Wu_Tang_Finance	Wu-Tang Financial
458966079	NeinQuarterly	Nein.
92854623	hannahdreier	Hannah Dreier
2844662736	MENA_Conflict	MENA_Conflict
2422746985	zexep	
3893986707	miladvisor	Military Advisor
2794120441	IntelOperator	The Grey Man
77853610	Jake_Hanrahan	Jake Hanrahan
872541607	HKFrese	Kyle Frese
41533440	BRUCKHEIMERJB	JERRY BRUCKHEIMER
619278612	BandryBarry	Barry Jenkins
16087273	jehorowitz	Jordan Horowitz
212155105	your_ex_kek	  MDMA
30970039	DevlinBarrett	Devlin Barrett
816869611480186880	PodSaveAmerica	Pod Save America
330579721	GregJaffe	Greg Jaffe
2354545939	IKoshiw	Isobel Koshiw
4119741	jdickerson	John Dickerson
136389755	brianzenkeli	 
803703725730779136	Reince45	Reince Priebus
2276453942	AdelajaTai	Tai Adelaja
59936143	Dimi	Demetri Sevastopulo
1660468830	hughlaurie	Hugh Laurie
18686907	davidfrum	David Frum
75797367	dandrezner	Daniel W. Drezner
806318918272950272	IsItTrump	Is It Trump?
445330799	PissPigGranddad	LENIN_LOVER69
2467139606	NeilPHauer	Neil Hauer
2420267570	AlexKokcharov	Alex Kokcharov
450896622	APHClarkson	Alexander Clarkson
1461448568	AbraxasSpa	Abraxas Spa
2537981780	bm27_uragan	BM-27 Uragan
429014113	ain92ru	Ilya A. =  .
199733042	thedelphivision	Alicia Dressman 
240454812	GenFlynn	General Flynn
163971168	dccommonsense	Dan Carlin
90666672	pavlikmail	 
112409835	Zakaria_m_z	Zakaria Zakaria
128717738	beardigsit	Bear Douglas
826780051777654784	PRESlDENTBANNON	President Bannon
89978599	emilydparker	Emily Parker
411535185	chrisnunnphoto	Christopher Nunn
15247916	tradelawnews	Doug Jacobson
711188856943411200	PaulManafort	Paul Manafort
565286854	ellamaria7	 
905807984	ivanpavlov	 
2758100418	GlasnostGone	Glasnost Gone
824473943931293697	RoguePOTUSStaff	Rogue POTUS Staff
17155867	Carrie_the_Red	M. Carrie Allan
1315884949	BorderCrim	Border Criminologies
27245530	kmartynov	 
417130792	suzanHaidamous	suzan Haidamous
89016624	VairaVF	Vaira Vike-Freiberga
866560944	GebeilyM	Maya Gebeily
35218566	AriFleischer	Ari Fleischer
22771961	Acosta	Jim Acosta
82103120	icarobione	Icaro Bione
115564212	IsaacDovere	Edward-Isaac Dovere
228136993	ilangoldenberg	Ilan Goldenberg
1666117632	LeeConell	Lee Conell
117822757	ItsBorys	Christian Borys
343954370	AkbarSAhmed	Akbar Shahid Ahmed
228163120	alexhazanov	Alex Hazanov
818845931328114689	rpdsanescobar	San Escobar
15908631	gavinsblog	Gavin Sheridan
27699644	julianborger	Julian Borger
20957871	scsazak	Selim Sazak
84540493	RoyalUniverse	Royal Universe
849458179	RebellionJason	Jason Kingsley
160992708	AmandaWaPo	Amanda Erickson
2237808535	pwnallthethings	Pwn All The Things
376874857	AndrewDasNYT	Andrew Das
234990624	pbkauf	Peter B. Kaufman
17717552	fisheri	Ian Fisher
60040821	maxjrosenthal	Fritt Norge
16097702	ChrisStirewalt	Chris Stirewalt
155784594	TVietor08	Tommy Vietor
174110843	jonlovett	Jon Lovett
3031094073	Max_A_Suchkov	Maxim A. Suchkov
12831	mikeyk	Mike Krieger
17860088	alinasphere	Alina Polyakova
2258994919	jameskmcauley	James McAuley
259536165	AnotherWarBlog	Mr. Woods
4434086720	RaoKomar747	Rao Komar
560956449	PA3yMKOB	Razumkov Centre
8593862	ollie	Oliver Roeder
100718508	ser_ou_parecer	Bermt Talant
60402920	NatTowsen	Nat Towsen
87212906	ThierryMARIANI	Thierry MARIANI  
775911054064967680	mosmetro_mcc	
38271276	mtaibbi	Matt Taibbi
190269258	Gfreidin	Grisha Freidin
12245632	jackshafer	Jack Shafer
53789862	MaxBlumenthal	Max Blumenthal
34369632	WashPostPR	Washington Post PR
457984599	BreitbartNews	Breitbart News
272445514	geoffanisman	Geoff Anisman
242985834	TomBurridgebbc	Tom Burridge
89763218	nealconan	Neal Conan
198966477	maxdelany	Max Delany
624879916	SergeyKaryakin	Sergey Karjakin
4895613657	russia_matters	Russia Matters
784352391231598592	marta_frej	Marta Frej
735122173	strobetalbott	Strobe Talbott
28978705	thehistoryguy	Dan Snow
597549416	kudriavtsev	 
1942851	bobuk	bobuk
2407734505	TheresaAFallon	Theresa Fallon
40503861	HamdiAlkhshali	Hamdi
765735376912719876	EveryCRSReport	Every CRS Report
40116885	RichLowry	Rich Lowry
2929498157	Jardine_bradley	Bradley  Jardine
130557513	mehdirhasan	Mehdi Hasan
22760252	clarissaward	Clarissa Ward
21976616	nolanwpeterson	Nolan Peterson
88059528	philipsherwell	Philip Sherwell
465417602	_zerez_	Emmanuel Grynszpan
2789042509	7FBTK	7FBTK
233533983	VS_Oblomov	Vasily Oblomov
245880371	jacklosh	Jack Losh
471672239	KellyannePolls	Kellyanne Conway
26579339	PIIE	Peterson Institute
39245720	tripgabriel	Trip Gabriel
18983429	thegrugq	the grugq
334033297	galendruke	Galen Druke
197496309	FrankLuntz	Frank Luntz
5220451	timothypost	Timothy Post
3128548403	JITMH17	JIT MH17
780099334104834048	USEmbRuPress	Maria Olson
17066022	myhlee	Michelle Ye Hee Lee
398470057	lizbanas	Liz Banas
49586805	kirillrogov	Kirill Rogov
2342395148	fotoflota	Oleg Kuleshov
1638698094	Anthony_Faiola	Anthony Faiola
119543635	jehld	Douglas Jehl
115554440	NickMiroff	Nick Miroff
47336158	BoothWilliam	William Booth
45511355	emilyrauhala	Emily Rauhala
19742295	harnesst	tiffany harness
31734071	karlaadam	Karla Adam
15264511	jenniferamur	Jenn Amur
14926939	jrezaian	Jason Rezaian
2468886751	SyriaCivilDef	The White Helmets
106468667	CGoueset	Catherine Gouset
331086998	MaximePopov	Maxime Popov
569832889	sigmargabriel	Sigmar Gabriel
41203685	sseagalofficial	Steven Seagal
2737385739	MikolaSwed	 
58945187	Russian_Starr	Terrell J. Starr
20776497	BFischerMartin	Betsy Fischer Martin
19152977	farai	Farai Chideya
47098558	adamentous	Adam Entous
2561718665	Sergogotv	katerina sergatskova
15906933	danamo	Danyel Smith
19854376	LaSoubrette	Heba Habib  
27530178	Pocket	Pocket
56380020	IvarDale	Ivar Dale
1543664064	steven_pifer	Steven Pifer
1230979592	partlowj	Joshua Partlow
4871934887	A_Melikishvili	Alex Melikishvili
4382006968	Sputnik_Not	Sputnik
155211550	joannalillis	Joanna Lillis
43124021	lauristan	Laura Adams
509162237	steveswerdlow	Steve Swerdlow
277376758	dan_ferghana	Daniil Kislov
730344214056284161	SovietSergey	Soviet Sergey
301750247	NPRrelving	Ron Elving
5690002	mattdanzico	matt danzico!
732649152807469056	sovietvisuals	Soviet Visuals
166289660	meffkiev	Brian Mefford
2575302870	BBCpopup	BBC Pop Up
1051396218	Evan_McMullin	Evan McMullin
3527137757	TurkeyBlocks	Turkey Blocks
18309653	lukelewis	Luke Lewis
17681505	max_read	Max Read
429227921	cenkuygur	Cenk Uygur
2524737504	SN_Larin	 
2797510398	oppositionbloc	 
112526560	kenvogel	Kenneth P. Vogel
24933645	peterwallsten	Peter Wallsten
2243894526	njaresko	Natalie Jaresko
5943622	pmarca	Marc Andreessen
104897532	eashimp	Eric Shimp
59331128	PhilipRucker	Philip Rucker
61734492	Fahrenthold	David Fahrenthold
206487352	DanEggenWPost	Dan Eggen
292549803	PostRoz	Rosalind Helderman
